{"artifact_type":"inner_selection_report","outer_metrics_seen":false,"per_kpi":[{"all_10_or":{"rule_hashes":["186aaab819fa7f8bfc1f59133ed0084325fcbf2662ce28bb72aab55688aa56dc","31241920e274ece1b7fb2252a77c31d792ae07ab9689e54f88c8f1efd5de8b90","57ac5e5be283a7d8519c5c7d70980119e0ee587e97112b7eddb1303d73c29d76","5ea968ca4d1a775b4969df91e40b9f6bee9dbddc6961c2e1da35185576699e25","7efce40b996f96973f64fef177538ee4867033dfeaf741ddee5dce19197ba9b6","8c658a01a2d414585127774fb6512e639f5ba850af5dac860726cf6d9358aeb7","aad11269d617569aee8239f3904de4a28de93c8cee85afabae22f5a77e769f2b","c469b197a89185c6392906ad92f85810fdf2f20d479a5a210f71d325f78f6289","e0ce70712e900d3f940d33a74c4a61d226b5d6c644a2a71b23cf52d3dbff9563","fdd4f4ee9f67663c62c34d22dbc895b9fab385f78c99d872edea91cc9fdfa47d"]},"best_1":{"rule_hashes":["c469b197a89185c6392906ad92f85810fdf2f20d479a5a210f71d325f78f6289"]},"coverage_3_or":{"rule_hashes":["c469b197a89185c6392906ad92f85810fdf2f20d479a5a210f71d325f78f6289","fdd4f4ee9f67663c62c34d22dbc895b9fab385f78c99d872edea91cc9fdfa47d","186aaab819fa7f8bfc1f59133ed0084325fcbf2662ce28bb72aab55688aa56dc"],"selection_steps":[{"composed_f1":0.7014218009478673,"composed_recall":0.5441176470588235,"incremental_false_positives":1,"newly_covered_events":6,"rule_sha256":"c469b197a89185c6392906ad92f85810fdf2f20d479a5a210f71d325f78f6289"},{"composed_f1":0.7443946188340806,"composed_recall":0.6102941176470589,"incremental_false_positives":3,"newly_covered_events":1,"rule_sha256":"fdd4f4ee9f67663c62c34d22dbc895b9fab385f78c99d872edea91cc9fdfa47d"},{"composed_f1":0.7459016393442623,"composed_recall":0.6691176470588235,"incremental_false_positives":13,"newly_covered_events":0,"rule_sha256":"186aaab819fa7f8bfc1f59133ed0084325fcbf2662ce28bb72aab55688aa56dc"}]},"kpi_id":"05f10d3a-239c-3bef-9bdc-a2feeb0037aa","top_3_or":{"rule_hashes":["c469b197a89185c6392906ad92f85810fdf2f20d479a5a210f71d325f78f6289","31241920e274ece1b7fb2252a77c31d792ae07ab9689e54f88c8f1efd5de8b90","186aaab819fa7f8bfc1f59133ed0084325fcbf2662ce28bb72aab55688aa56dc"]}},{"all_10_or":{"rule_hashes":["1ebc03a95878e73b916b72b87573f401eb76d0ce25ea0aef3c60b823a07264b6","249faedad06ca3482d61d40c91c49cee4fb6f02e3f65026048ab42db4e919fd6","480c5e74b08d28c393b7118e5ad2f56aba5b6054c17eb17089d160294660ab1e","5314bb52a37a02b03589f22ec56bde297cff8da59378d52aa59ea18acbdfa99f","5345518659089c8b4a923a7f085f5603918f455f20c655ae9d4d732ff84253b3","652f5e01befaeaed5abf0e1eefb237e9c8a1151abc78e02338fc08c0c6e467ca","7a8fa1d1d3638897cdd2d9a5b8421ab4af234021957e33a3def1b65987f675d5","864f9a16f2636406d809f7dc0536f67ebb5a17bc08a3624c4b1f2cd4354abc7e","986cb69672ffe63e4bbca2223b0feadc6d4f9e929643df7f7e203326fa070707","df5cf69d150aa37e6b1f62a8e19d22458fabaaf7bdf0eee000e8c688edf2507a"]},"best_1":{"rule_hashes":["249faedad06ca3482d61d40c91c49cee4fb6f02e3f65026048ab42db4e919fd6"]},"coverage_3_or":{"rule_hashes":["249faedad06ca3482d61d40c91c49cee4fb6f02e3f65026048ab42db4e919fd6","1ebc03a95878e73b916b72b87573f401eb76d0ce25ea0aef3c60b823a07264b6","df5cf69d150aa37e6b1f62a8e19d22458fabaaf7bdf0eee000e8c688edf2507a"],"selection_steps":[{"composed_f1":0.958904109589041,"composed_recall":0.9210526315789473,"incremental_false_positives":0,"newly_covered_events":8,"rule_sha256":"249faedad06ca3482d61d40c91c49cee4fb6f02e3f65026048ab42db4e919fd6"},{"composed_f1":0.967741935483871,"composed_recall":0.9868421052631579,"incremental_false_positives":4,"newly_covered_events":0,"rule_sha256":"1ebc03a95878e73b916b72b87573f401eb76d0ce25ea0aef3c60b823a07264b6"},{"composed_f1":0.9325153374233129,"composed_recall":1.0,"incremental_false_positives":7,"newly_covered_events":0,"rule_sha256":"df5cf69d150aa37e6b1f62a8e19d22458fabaaf7bdf0eee000e8c688edf2507a"}]},"kpi_id":"1c6d7a26-1f1a-3321-bb4d-7a9d969ec8f0","top_3_or":{"rule_hashes":["249faedad06ca3482d61d40c91c49cee4fb6f02e3f65026048ab42db4e919fd6","1ebc03a95878e73b916b72b87573f401eb76d0ce25ea0aef3c60b823a07264b6","652f5e01befaeaed5abf0e1eefb237e9c8a1151abc78e02338fc08c0c6e467ca"]}},{"all_10_or":{"rule_hashes":["0950e9ba33284ea30e80d0c5082f211bf012f5210859b8a19852cf41b7fb44b0","35bec85de363dca0d272fdda6a41de50b11d23b83f514440ce33a3947c7f6bf5","5827e943643a9a680c207022bfb1b9f55cd204535aab698f2cf0e0e93b29a500","5ab215b788455f71d573c28d892b860422f70ba21d2b8c0e90a674431e82c145","61bb99bc946ae113b31b5c05faff666bdc0e8fd9479a9ac80f927ef3cbe9d80b","62c09c8f0adafe6f80a165851ee0a8420ffd58b93bd05dd523d78f1aa1bc7b01","685c3d1494342cb67b1b26907018145b62bc6f8e925b1934a8b779e68ebcd37d","69f12180ae506bd5dbf0687db0a5ca9334e4b61271b56021f142c8488d6b4ca6","7051268075ed3aa831581e4229debe410e7fcc955c676408e40eb6a0f2515c84","c311161beebaf340e416bfb107b00edf3f50a2d792aa70de054558f25903f4e9"]},"best_1":{"rule_hashes":["7051268075ed3aa831581e4229debe410e7fcc955c676408e40eb6a0f2515c84"]},"coverage_3_or":{"rule_hashes":["7051268075ed3aa831581e4229debe410e7fcc955c676408e40eb6a0f2515c84","c311161beebaf340e416bfb107b00edf3f50a2d792aa70de054558f25903f4e9","0950e9ba33284ea30e80d0c5082f211bf012f5210859b8a19852cf41b7fb44b0"],"selection_steps":[{"composed_f1":0.9293119698397738,"composed_recall":0.8694885361552028,"incremental_false_positives":1,"newly_covered_events":9,"rule_sha256":"7051268075ed3aa831581e4229debe410e7fcc955c676408e40eb6a0f2515c84"},{"composed_f1":0.9328558639212176,"composed_recall":0.9188712522045855,"incremental_false_positives":28,"newly_covered_events":3,"rule_sha256":"c311161beebaf340e416bfb107b00edf3f50a2d792aa70de054558f25903f4e9"},{"composed_f1":0.9562171628721542,"composed_recall":0.9629629629629629,"incremental_false_positives":0,"newly_covered_events":0,"rule_sha256":"0950e9ba33284ea30e80d0c5082f211bf012f5210859b8a19852cf41b7fb44b0"}]},"kpi_id":"42d6616d-c9c5-370a-a8ba-17ead74f3114","top_3_or":{"rule_hashes":["7051268075ed3aa831581e4229debe410e7fcc955c676408e40eb6a0f2515c84","5827e943643a9a680c207022bfb1b9f55cd204535aab698f2cf0e0e93b29a500","0950e9ba33284ea30e80d0c5082f211bf012f5210859b8a19852cf41b7fb44b0"]}},{"all_10_or":{"rule_hashes":["1121081f4516003bfaae6d81b27368522abd7ed3f500f990153be3b285b0800a","3bddedfa02c6e96555e09bef8f4bfd0c21cc1458653e6e3e50543da29d15af7b","3eb2b8e8dbadb13a70621435b509a839f8474a6e4261b0d5adf622ea2f8fb95a","3febce1e46f7e9b84f5b714456680e81f32e7570f78bcd644e71c23f70634d81","50d951e02bcbb3a9b35f6e5af04f0c90f801c5b17052ceba7a86d1f5db148fb3","6abe30d5efdfdd019247ee662ee6dc9c8bd399912036e39f0ccb5197b57f9fec","8f34c844e880c2ee2042e9bb2ce8a804a5ac1e696345fa190617cdb95825066e","adaec79271713dc841759dbd1f438822b19286b15662d4d8082cc6559f1e9a2f","cfa4b9d605a903b477d963eca09a673384a0554b4bbe6895448c92cd2c845c4b","da8b46084c374c2896426b2e43c01a7bff5c8dabf0176a8010541ae80d489eab"]},"best_1":{"rule_hashes":["da8b46084c374c2896426b2e43c01a7bff5c8dabf0176a8010541ae80d489eab"]},"coverage_3_or":{"rule_hashes":["da8b46084c374c2896426b2e43c01a7bff5c8dabf0176a8010541ae80d489eab","3bddedfa02c6e96555e09bef8f4bfd0c21cc1458653e6e3e50543da29d15af7b","1121081f4516003bfaae6d81b27368522abd7ed3f500f990153be3b285b0800a"],"selection_steps":[{"composed_f1":0.7049924357034797,"composed_recall":0.6383561643835617,"incremental_false_positives":63,"newly_covered_events":4,"rule_sha256":"da8b46084c374c2896426b2e43c01a7bff5c8dabf0176a8010541ae80d489eab"},{"composed_f1":0.04134337656453531,"composed_recall":1.0,"incremental_false_positives":16864,"newly_covered_events":6,"rule_sha256":"3bddedfa02c6e96555e09bef8f4bfd0c21cc1458653e6e3e50543da29d15af7b"},{"composed_f1":0.04134337656453531,"composed_recall":1.0,"incremental_false_positives":0,"newly_covered_events":0,"rule_sha256":"1121081f4516003bfaae6d81b27368522abd7ed3f500f990153be3b285b0800a"}]},"kpi_id":"43115f2a-baeb-3b01-96f7-4ea14188343c",