{"artifact_type":"generic_vs_error_conditioned_comparison","generic_arm_reselection_performed":false,"headline_winner_selected":false,"outer_exposure_limitation":"The TASK-037E outer partition is a previously exposed follow-up validation partition. Rule generation used only the generation partition and rule selection used only the inner partition, but the broader experiment design followed prior inspection of outer results. Therefore TASK-037E does not support an untouched confirmatory superiority claim.","records":[{"detector_variant":"LSTMADalpha","error_conditioned_D_plus_FN":{"event_f1":0.5415272149875526,"event_precision":0.4387720642871352,"event_recall":0.9474603174603174,"false_alarm_events_per_10000_points":15.405477678837348,"false_positive_points_per_10000_normal_points":45.51554836774769,"point_f1":0.48835484765241866,"precision":0.63419149553679,"recall":0.5116541790474807},"error_conditioned_D_plus_FP":{"event_f1":0.43789438377169915,"event_precision":0.3562886669195375,"event_recall":0.8974603174603175,"false_alarm_events_per_10000_points":19.45006871340309,"false_positive_points_per_10000_normal_points":24.1250902612436,"point_f1":0.3541453238941957,"precision":0.68087543416857,"recall":0.2944910063184093},"error_conditioned_full_aggregator":{"event_f1":0.5415272149875526,"event_precision":0.4387720642871352,"event_recall":0.9474603174603174,"false_alarm_events_per_10000_points":15.405477678837348,"false_positive_points_per_10000_normal_points":45.51554836774769,"point_f1":0.48835484765241866,"precision":0.63419149553679,"recall":0.5116541790474807},"generic_best_1_max":{"event_f1":0.5022988126830628,"event_precision":0.38953420879245854,"event_recall":0.9546031746031746,"false_alarm_events_per_10000_points":18.432245173715422,"false_positive_points_per_10000_normal_points":44.873586266919446,"point_f1":0.5051546793674867,"precision":0.6605201789835797,"predicted_positive_rate":0.015161300168076607,"recall":0.532444672575395},"generic_best_1_min":{"event_f1":0.47063004295752064,"event_precision":0.4816537467700258,"event_recall":0.6463059163059163,"false_alarm_events_per_10000_points":4.823652235178644,"false_positive_points_per_10000_normal_points":1.3277206104175239,"point_f1":0.3123843069868211,"precision":0.828115311036348,"predicted_positive_rate":0.0076385719363756075,"recall":0.22091469992316864},"generic_top_3_max":{"event_f1":0.5006104021556897,"event_precision":0.391787594035668,"event_recall":0.9351587301587301,"false_alarm_events_per_10000_points":15.485471007831347,"false_positive_points_per_10000_normal_points":122.76677393053157,"point_f1":0.5192011306952693,"precision":0.5597662711569187,"predicted_positive_rate":0.02410336164364433,"recall":0.6175563443583062},"generic_top_3_min":{"event_f1":0.43867762788266773,"event_precision":0.3643443101341214,"event_recall":0.7478932178932178,"false_alarm_events_per_10000_points":10.54514790084674,"false_positive_points_per_10000_normal_points":6.919006053315246,"point_f1":0.36952239151490945,"precision":0.7764693555587407,"predicted_positive_rate":0.009697088633354514,"recall":0.2744841666323188}},{"detector_variant":"LSTMADbeta","error_conditioned_D_plus_FN":{"event_f1":0.4234979659120125,"event_precision":0.32085744846877184,"event_recall":0.9474603174603174,"false_alarm_events_per_10000_points":21.0022038153491,"false_positive_points_per_10000_normal_points":148.39907514559704,"point_f1":0.4781813264290832,"precision":0.6016483899907472,"recall":0.5819733094290711},"error_conditioned_D_plus_FP":{"event_f1":0.41865551632754744,"event_precision":0.345503760581478,"event_recall":0.8812265512265511,"false_alarm_events_per_10000_points":19.032112016346055,"false_positive_points_per_10000_normal_points":24.097396612083443,"point_f1":0.34755217945690325,"precision":0.7044442550180852,"recall":0.2863797542506977},"error_conditioned_full_aggregator":{"event_f1":0.5001633539698056,"event_precision":0.3901034802148036,"event_recall":0.9474603174603174,"false_alarm_events_per_10000_points":15.841054592945142,"false_positive_points_per_10000_normal_points":142.27003212664172,"point_f1":0.3880429715206822,"precision":0.5917027147903053,"recall":0.4870346279703133},"generic_best_1_max":{"event_f1":0.4001697640536405,"event_precision":0.306638117803851,"event_recall":0.9474603174603174,"false_alarm_events_per_10000_points":25.528485310882562,"false_positive_points_per_10000_normal_points":54.10751944491922,"point_f1":0.5728301233349249,"precision":0.6587064487305754,"predicted_positive_rate":0.0507604966565179,"recall":0.623555702775619},"generic_best_1_min":{"event_f1":0.4560240542091722,"event_precision":0.46576078250661057,"event_recall":0.6463059163059163,"false_alarm_events_per_10000_points":5.152566098574533,"false_positive_points_per_10000_normal_points":1.8499667732348541,"point_f1":0.31180130329315364,"precision":0.8222544313721348,"predicted_positive_rate":0.007781880747569451,"recall":0.22390632866455515},"generic_top_3_max":{"event_f1":0.403295780598045,"event_precision":0.30794545048321886,"event_recall":0.928015873015873,"false_alarm_events_per_10000_points":22.325619005009894,"false_positive_points_per_10000_normal_points":130.03314190984565,"point_f1":0.5899474309887479,"precision":0.5791946455155443,"predicted_positive_rate":0.05943397066927071,"recall":0.7043157004788194},"generic_top_3_min":{"event_f1":0.43114642603773035,"event_precision":0.36228083680902995,"event_recall":0.7478932178932178,"false_alarm_events_per_10000_points":11.271872099406771,"false_positive_points_per_10000_normal_points":9.408817414818284,"point_f1":0.3698975564527733,"precision":0.7753335597266845,"predicted_positive_rate":0.01010898490736326,"recall":0.28182746945341614}}],"report_hash":"cc20b78ae8f52669dcb8de8390b8142cc2b601e1e730d709fc7b1e084f805efd","same_outer_partition_previously_exposed":true,"schema_version":"1.0","status":"descriptive_follow_up_only","task_id":"TASK-037E","test_accessed":false}
